Fold,Iteration,Test_AUC,Best_params,Best_epoch
Fold_0,0,0.7741040323885651,"{'nz': 256, 'd_dim': 128, 'lr': 0.0001, 'lr_adv': 0.001, 'lam': 0.1, 'batch_size': [256, 28]}",43
Fold_0,1,0.5957650302421509,"{'nz': 100, 'd_dim': 256, 'lr': 0.001, 'lr_adv': 0.001, 'lam': 0.01, 'batch_size': [256, 28]}",31
Fold_0,2,0.8079622652454942,"{'nz': 100, 'd_dim': 256, 'lr': 0.0001, 'lr_adv': 0.0001, 'lam': 0.01, 'batch_size': [128, 14]}",62
Fold_0,3,0.5,"{'nz': 128, 'd_dim': 100, 'lr': 0.001, 'lr_adv': 0.001, 'lam': 1, 'batch_size': [128, 14]}",23
Fold_0,4,0.6169500309901899,"{'nz': 256, 'd_dim': 128, 'lr': 0.001, 'lr_adv': 0.001, 'lam': 0.1, 'batch_size': [128, 14]}",27
Fold_0,5,0.6171168131703728,"{'nz': 256, 'd_dim': 128, 'lr': 0.001, 'lr_adv': 0.0001, 'lam': 0.01, 'batch_size': [256, 28]}",22
Fold_0,6,0.6242173832066755,"{'nz': 128, 'd_dim': 256, 'lr': 0.001, 'lr_adv': 0.0001, 'lam': 0.1, 'batch_size': [256, 28]}",39
Fold_0,7,0.6206416801262813,"{'nz': 100, 'd_dim': 100, 'lr': 0.0001, 'lr_adv': 0.001, 'lam': 1, 'batch_size': [256, 28]}",42
Fold_0,8,0.6170135379805388,"{'nz': 100, 'd_dim': 256, 'lr': 0.0001, 'lr_adv': 0.0001, 'lam': 0.1, 'batch_size': [256, 28]}",9
Fold_0,9,0.5959350946345754,"{'nz': 256, 'd_dim': 128, 'lr': 0.001, 'lr_adv': 0.001, 'lam': 0.01, 'batch_size': [128, 14]}",9
Fold_0,10,0.604561817032697,"{'nz': 256, 'd_dim': 256, 'lr': 0.001, 'lr_adv': 0.0001, 'lam': 0.1, 'batch_size': [128, 14]}",34
Fold_0,11,0.6173180204138335,"{'nz': 128, 'd_dim': 100, 'lr': 0.001, 'lr_adv': 0.001, 'lam': 1, 'batch_size': [256, 28]}",23
Fold_0,12,0.6203443727616076,"{'nz': 128, 'd_dim': 256, 'lr': 0.0001, 'lr_adv': 0.001, 'lam': 1, 'batch_size': [128, 14]}",20
Fold_0,13,0.7885069903487694,"{'nz': 128, 'd_dim': 100, 'lr': 0.0001, 'lr_adv': 0.0001, 'lam': 0.01, 'batch_size': [128, 14]}",29
Fold_0,14,0.8037635524833371,"{'nz': 256, 'd_dim': 100, 'lr': 0.0001, 'lr_adv': 0.001, 'lam': 0.01, 'batch_size': [256, 28]}",55
Fold_0,15,0.5,"{'nz': 256, 'd_dim': 256, 'lr': 0.001, 'lr_adv': 0.0001, 'lam': 1, 'batch_size': [128, 14]}",18
Fold_0,16,0.607712817115134,"{'nz': 128, 'd_dim': 128, 'lr': 0.001, 'lr_adv': 0.0001, 'lam': 0.01, 'batch_size': [256, 28]}",17
Fold_0,17,0.7499937408975859,"{'nz': 256, 'd_dim': 100, 'lr': 0.0001, 'lr_adv': 0.001, 'lam': 1, 'batch_size': [256, 28]}",68
Fold_0,18,0.7856405885998846,"{'nz': 128, 'd_dim': 128, 'lr': 0.0001, 'lr_adv': 0.0001, 'lam': 0.01, 'batch_size': [128, 14]}",28
Fold_0,19,0.7810018304058036,"{'nz': 256, 'd_dim': 256, 'lr': 0.0001, 'lr_adv': 0.001, 'lam': 0.1, 'batch_size': [128, 14]}",38
Fold_1,20,0.8033167899658955,"{'nz': 100, 'd_dim': 128, 'lr': 0.0001, 'lr_adv': 0.0001, 'lam': 0.01, 'batch_size': [128, 14]}",31
Fold_1,21,0.783744538551491,"{'nz': 100, 'd_dim': 128, 'lr': 0.0001, 'lr_adv': 0.001, 'lam': 1, 'batch_size': [256, 28]}",84
Fold_1,22,0.5718485037692008,"{'nz': 256, 'd_dim': 256, 'lr': 0.001, 'lr_adv': 0.001, 'lam': 0.01, 'batch_size': [128, 14]}",11
Fold_1,23,0.7864216406176054,"{'nz': 256, 'd_dim': 256, 'lr': 0.0001, 'lr_adv': 0.0001, 'lam': 0.1, 'batch_size': [256, 28]}",53
Fold_1,24,0.5994017977363422,"{'nz': 256, 'd_dim': 256, 'lr': 0.001, 'lr_adv': 0.0001, 'lam': 1, 'batch_size': [256, 28]}",53
Fold_1,25,0.5,"{'nz': 100, 'd_dim': 100, 'lr': 0.001, 'lr_adv': 0.001, 'lam': 1, 'batch_size': [128, 14]}",23
Fold_1,26,0.5964411277986584,"{'nz': 100, 'd_dim': 256, 'lr': 0.001, 'lr_adv': 0.0001, 'lam': 0.01, 'batch_size': [128, 14]}",40
Fold_1,27,0.5988772162565683,"{'nz': 128, 'd_dim': 256, 'lr': 0.001, 'lr_adv': 0.0001, 'lam': 1, 'batch_size': [128, 14]}",40
Fold_1,28,0.8074477212287381,"{'nz': 256, 'd_dim': 128, 'lr': 0.0001, 'lr_adv': 0.0001, 'lam': 0.01, 'batch_size': [128, 14]}",36
Fold_1,29,0.6992155512742616,"{'nz': 256, 'd_dim': 100, 'lr': 0.0001, 'lr_adv': 0.001, 'lam': 1, 'batch_size': [128, 14]}",63
Fold_1,30,0.6001820101183735,"{'nz': 256, 'd_dim': 128, 'lr': 0.0001, 'lr_adv': 0.0001, 'lam': 1, 'batch_size': [128, 14]}",44
Fold_1,31,0.596005280545183,"{'nz': 100, 'd_dim': 256, 'lr': 0.001, 'lr_adv': 0.0001, 'lam': 1, 'batch_size': [128, 14]}",34
Fold_1,32,0.5928476397077457,"{'nz': 128, 'd_dim': 100, 'lr': 0.001, 'lr_adv': 0.001, 'lam': 0.01, 'batch_size': [256, 28]}",20
Fold_1,33,0.8160061659791832,"{'nz': 100, 'd_dim': 256, 'lr': 0.0001, 'lr_adv': 0.0001, 'lam': 0.01, 'batch_size': [256, 28]}",71
Fold_1,34,0.5879527162977867,"{'nz': 256, 'd_dim': 100, 'lr': 0.001, 'lr_adv': 0.0001, 'lam': 0.01, 'batch_size': [256, 28]}",34
Fold_1,35,0.5900417298937783,"{'nz': 256, 'd_dim': 128, 'lr': 0.001, 'lr_adv': 0.001, 'lam': 0.01, 'batch_size': [256, 28]}",10
Fold_1,36,0.8112397449950081,"{'nz': 128, 'd_dim': 128, 'lr': 0.0001, 'lr_adv': 0.0001, 'lam': 0.01, 'batch_size': [128, 14]}",49
Fold_1,37,0.5753059327131224,"{'nz': 100, 'd_dim': 256, 'lr': 0.001, 'lr_adv': 0.001, 'lam': 1, 'batch_size': [128, 14]}",30
Fold_1,38,0.6011677424180897,"{'nz': 128, 'd_dim': 128, 'lr': 0.001, 'lr_adv': 0.001, 'lam': 1, 'batch_size': [128, 14]}",33
Fold_1,39,0.8151664157937,"{'nz': 100, 'd_dim': 128, 'lr': 0.0001, 'lr_adv': 0.001, 'lam': 0.01, 'batch_size': [256, 28]}",59
Fold_2,40,0.6341350073124634,"{'nz': 100, 'd_dim': 256, 'lr': 0.0001, 'lr_adv': 0.0001, 'lam': 0.1, 'batch_size': [128, 14]}",9
Fold_2,41,0.7828851332578171,"{'nz': 256, 'd_dim': 128, 'lr': 0.0001, 'lr_adv': 0.001, 'lam': 0.1, 'batch_size': [256, 28]}",33
Fold_2,42,0.8130829743254672,"{'nz': 256, 'd_dim': 128, 'lr': 0.0001, 'lr_adv': 0.001, 'lam': 0.01, 'batch_size': [256, 28]}",58
Fold_2,43,0.6121754044754109,"{'nz': 256, 'd_dim': 100, 'lr': 0.001, 'lr_adv': 0.0001, 'lam': 0.1, 'batch_size': [128, 14]}",51
Fold_2,44,0.5,"{'nz': 128, 'd_dim': 128, 'lr': 0.001, 'lr_adv': 0.001, 'lam': 0.1, 'batch_size': [256, 28]}",56
Fold_2,45,0.6176331891195428,"{'nz': 128, 'd_dim': 100, 'lr': 0.001, 'lr_adv': 0.001, 'lam': 0.01, 'batch_size': [128, 14]}",10
Fold_2,46,0.6233391242752417,"{'nz': 128, 'd_dim': 128, 'lr': 0.001, 'lr_adv': 0.001, 'lam': 0.01, 'batch_size': [256, 28]}",12
Fold_2,47,0.6348846493223377,"{'nz': 256, 'd_dim': 256, 'lr': 0.001, 'lr_adv': 0.001, 'lam': 0.1, 'batch_size': [256, 28]}",49
Fold_2,48,0.5,"{'nz': 256, 'd_dim': 256, 'lr': 0.001, 'lr_adv': 0.001, 'lam': 1, 'batch_size': [128, 14]}",21
Fold_2,49,0.8037351575309216,"{'nz': 128, 'd_dim': 128, 'lr': 0.0001, 'lr_adv': 0.001, 'lam': 0.1, 'batch_size': [128, 14]}",74
Fold_2,50,0.6174155708148741,"{'nz': 100, 'd_dim': 256, 'lr': 0.001, 'lr_adv': 0.0001, 'lam': 0.1, 'batch_size': [256, 28]}",9
Fold_2,51,0.7753156648540713,"{'nz': 100, 'd_dim': 128, 'lr': 0.001, 'lr_adv': 0.0001, 'lam': 0.01, 'batch_size': [256, 28]}",24
Fold_2,52,0.5,"{'nz': 128, 'd_dim': 128, 'lr': 0.001, 'lr_adv': 0.0001, 'lam': 1, 'batch_size': [128, 14]}",38
Fold_2,53,0.6306770058896628,"{'nz': 128, 'd_dim': 256, 'lr': 0.001, 'lr_adv': 0.001, 'lam': 0.1, 'batch_size': [128, 14]}",44
Fold_2,54,0.8111482247048298,"{'nz': 100, 'd_dim': 100, 'lr': 0.001, 'lr_adv': 0.001, 'lam': 0.01, 'batch_size': [256, 28]}",97
Fold_2,55,0.7814203887971227,"{'nz': 128, 'd_dim': 100, 'lr': 0.0001, 'lr_adv': 0.001, 'lam': 1, 'batch_size': [256, 28]}",55
Fold_2,56,0.6393436109830455,"{'nz': 100, 'd_dim': 128, 'lr': 0.0001, 'lr_adv': 0.001, 'lam': 1, 'batch_size': [128, 14]}",41
Fold_2,57,0.6357500847268742,"{'nz': 256, 'd_dim': 256, 'lr': 0.0001, 'lr_adv': 0.0001, 'lam': 0.1, 'batch_size': [128, 14]}",39
Fold_2,58,0.6266309541619977,"{'nz': 256, 'd_dim': 100, 'lr': 0.001, 'lr_adv': 0.0001, 'lam': 0.01, 'batch_size': [256, 28]}",21
Fold_2,59,0.8272821298046243,"{'nz': 128, 'd_dim': 128, 'lr': 0.0001, 'lr_adv': 0.0001, 'lam': 0.01, 'batch_size': [128, 14]}",70
Fold_3,60,0.6338678886673608,"{'nz': 256, 'd_dim': 100, 'lr': 0.001, 'lr_adv': 0.001, 'lam': 1, 'batch_size': [128, 14]}",49
Fold_3,61,0.6213644156288259,"{'nz': 100, 'd_dim': 256, 'lr': 0.001, 'lr_adv': 0.001, 'lam': 0.1, 'batch_size': [256, 28]}",24
Fold_3,62,0.6341880951872082,"{'nz': 128, 'd_dim': 256, 'lr': 0.0001, 'lr_adv': 0.0001, 'lam': 1, 'batch_size': [128, 14]}",44
Fold_3,63,0.775949513469283,"{'nz': 128, 'd_dim': 128, 'lr': 0.001, 'lr_adv': 0.001, 'lam': 0.01, 'batch_size': [256, 28]}",31
Fold_3,64,0.6261792683261939,"{'nz': 256, 'd_dim': 256, 'lr': 0.001, 'lr_adv': 0.001, 'lam': 0.1, 'batch_size': [256, 28]}",27
Fold_3,65,0.6345329564641262,"{'nz': 100, 'd_dim': 128, 'lr': 0.0001, 'lr_adv': 0.0001, 'lam': 1, 'batch_size': [128, 14]}",19
Fold_3,66,0.6322364765222594,"{'nz': 100, 'd_dim': 256, 'lr': 0.001, 'lr_adv': 0.001, 'lam': 1, 'batch_size': [256, 28]}",53
Fold_3,67,0.8109603753018872,"{'nz': 256, 'd_dim': 128, 'lr': 0.0001, 'lr_adv': 0.0001, 'lam': 0.01, 'batch_size': [128, 14]}",37
Fold_3,68,0.6274274249442023,"{'nz': 256, 'd_dim': 256, 'lr': 0.001, 'lr_adv': 0.001, 'lam': 0.01, 'batch_size': [256, 28]}",11
Fold_3,69,0.6097566048796572,"{'nz': 100, 'd_dim': 128, 'lr': 0.001, 'lr_adv': 0.0001, 'lam': 1, 'batch_size': [256, 28]}",9
Fold_3,70,0.8143278487312341,"{'nz': 100, 'd_dim': 256, 'lr': 0.0001, 'lr_adv': 0.0001, 'lam': 0.01, 'batch_size': [256, 28]}",53
Fold_3,71,0.632187014347084,"{'nz': 128, 'd_dim': 100, 'lr': 0.0001, 'lr_adv': 0.0001, 'lam': 1, 'batch_size': [128, 14]}",20
Fold_3,72,0.6262331576713697,"{'nz': 256, 'd_dim': 256, 'lr': 0.0001, 'lr_adv': 0.0001, 'lam': 0.1, 'batch_size': [128, 14]}",20
Fold_3,73,0.7680767839205186,"{'nz': 100, 'd_dim': 100, 'lr': 0.001, 'lr_adv': 0.0001, 'lam': 0.01, 'batch_size': [128, 14]}",41
Fold_3,74,0.7531208113628661,"{'nz': 128, 'd_dim': 100, 'lr': 0.001, 'lr_adv': 0.0001, 'lam': 0.01, 'batch_size': [128, 14]}",25
Fold_3,75,0.621306709757788,"{'nz': 128, 'd_dim': 128, 'lr': 0.001, 'lr_adv': 0.001, 'lam': 0.01, 'batch_size': [128, 14]}",10
Fold_3,76,0.6320877083441468,"{'nz': 256, 'd_dim': 100, 'lr': 0.001, 'lr_adv': 0.0001, 'lam': 1, 'batch_size': [256, 28]}",38
Fold_3,77,0.6275090222671386,"{'nz': 100, 'd_dim': 128, 'lr': 0.001, 'lr_adv': 0.001, 'lam': 0.1, 'batch_size': [256, 28]}",24
Fold_3,78,0.7715749351953909,"{'nz': 128, 'd_dim': 128, 'lr': 0.001, 'lr_adv': 0.0001, 'lam': 1, 'batch_size': [256, 28]}",44
Fold_3,79,0.6234107604656772,"{'nz': 128, 'd_dim': 100, 'lr': 0.0001, 'lr_adv': 0.0001, 'lam': 0.1, 'batch_size': [256, 28]}",9
Fold_4,80,0.8199841308854645,"{'nz': 128, 'd_dim': 100, 'lr': 0.0001, 'lr_adv': 0.001, 'lam': 0.01, 'batch_size': [128, 14]}",50
Fold_4,81,0.6246778088867042,"{'nz': 128, 'd_dim': 256, 'lr': 0.001, 'lr_adv': 0.001, 'lam': 1, 'batch_size': [256, 28]}",34
Fold_4,82,0.6303574100139533,"{'nz': 100, 'd_dim': 128, 'lr': 0.0001, 'lr_adv': 0.001, 'lam': 1, 'batch_size': [256, 28]}",35
Fold_4,83,0.6286738641255729,"{'nz': 100, 'd_dim': 100, 'lr': 0.0001, 'lr_adv': 0.001, 'lam': 1, 'batch_size': [128, 14]}",39
Fold_4,84,0.6178014979100704,"{'nz': 256, 'd_dim': 256, 'lr': 0.001, 'lr_adv': 0.0001, 'lam': 1, 'batch_size': [256, 28]}",22
Fold_4,85,0.8257280404734936,"{'nz': 128, 'd_dim': 100, 'lr': 0.0001, 'lr_adv': 0.0001, 'lam': 0.01, 'batch_size': [256, 28]}",73
Fold_4,86,0.618340696683897,"{'nz': 100, 'd_dim': 100, 'lr': 0.001, 'lr_adv': 0.001, 'lam': 0.01, 'batch_size': [128, 14]}",10
Fold_4,87,0.8185628948196004,"{'nz': 128, 'd_dim': 128, 'lr': 0.0001, 'lr_adv': 0.001, 'lam': 0.01, 'batch_size': [128, 14]}",51
Fold_4,88,0.8112895124922523,"{'nz': 256, 'd_dim': 256, 'lr': 0.0001, 'lr_adv': 0.001, 'lam': 0.01, 'batch_size': [256, 28]}",39
Fold_4,89,0.8157495809454605,"{'nz': 100, 'd_dim': 100, 'lr': 0.0001, 'lr_adv': 0.001, 'lam': 0.1, 'batch_size': [256, 28]}",87
Fold_4,90,0.627647981973785,"{'nz': 100, 'd_dim': 100, 'lr': 0.0001, 'lr_adv': 0.001, 'lam': 1, 'batch_size': [256, 28]}",26
Fold_4,91,0.6105739902235874,"{'nz': 100, 'd_dim': 256, 'lr': 0.001, 'lr_adv': 0.0001, 'lam': 0.1, 'batch_size': [256, 28]}",9
Fold_4,92,0.8249809555359471,"{'nz': 100, 'd_dim': 128, 'lr': 0.0001, 'lr_adv': 0.001, 'lam': 0.01, 'batch_size': [128, 14]}",59
Fold_4,93,0.6276669882725794,"{'nz': 100, 'd_dim': 128, 'lr': 0.0001, 'lr_adv': 0.0001, 'lam': 1, 'batch_size': [256, 28]}",37
Fold_4,94,0.6013998253557766,"{'nz': 128, 'd_dim': 128, 'lr': 0.001, 'lr_adv': 0.0001, 'lam': 0.1, 'batch_size': [256, 28]}",9
Fold_4,95,0.5,"{'nz': 128, 'd_dim': 100, 'lr': 0.001, 'lr_adv': 0.001, 'lam': 1, 'batch_size': [256, 28]}",49
Fold_4,96,0.6255690440060698,"{'nz': 256, 'd_dim': 128, 'lr': 0.001, 'lr_adv': 0.001, 'lam': 0.1, 'batch_size': [256, 28]}",41
Fold_4,97,0.6150226090992084,"{'nz': 100, 'd_dim': 100, 'lr': 0.001, 'lr_adv': 0.0001, 'lam': 1, 'batch_size': [128, 14]}",47
Fold_4,98,0.6208317431142241,"{'nz': 128, 'd_dim': 128, 'lr': 0.001, 'lr_adv': 0.001, 'lam': 1, 'batch_size': [128, 14]}",38
Fold_4,99,0.6242768446796103,"{'nz': 100, 'd_dim': 100, 'lr': 0.001, 'lr_adv': 0.0001, 'lam': 0.1, 'batch_size': [256, 28]}",29
Fold_5,100,0.7717615390146968,"{'nz': 100, 'd_dim': 100, 'lr': 0.0001, 'lr_adv': 0.001, 'lam': 0.01, 'batch_size': [128, 14]}",47
Fold_5,101,0.6162660132727696,"{'nz': 100, 'd_dim': 100, 'lr': 0.0001, 'lr_adv': 0.001, 'lam': 1, 'batch_size': [128, 14]}",37
Fold_5,102,0.6059333329363747,"{'nz': 256, 'd_dim': 100, 'lr': 0.001, 'lr_adv': 0.001, 'lam': 0.1, 'batch_size': [256, 28]}",16
Fold_5,103,0.7946765863573565,"{'nz': 256, 'd_dim': 128, 'lr': 0.0001, 'lr_adv': 0.001, 'lam': 0.1, 'batch_size': [256, 28]}",42
Fold_5,104,0.6050369698254955,"{'nz': 256, 'd_dim': 128, 'lr': 0.001, 'lr_adv': 0.0001, 'lam': 0.1, 'batch_size': [256, 28]}",9
Fold_5,105,0.8125873976934566,"{'nz': 128, 'd_dim': 128, 'lr': 0.0001, 'lr_adv': 0.001, 'lam': 0.01, 'batch_size': [128, 14]}",36
Fold_5,106,0.7818203178997347,"{'nz': 100, 'd_dim': 256, 'lr': 0.0001, 'lr_adv': 0.0001, 'lam': 1, 'batch_size': [128, 14]}",47
Fold_5,107,0.6204258343116074,"{'nz': 128, 'd_dim': 128, 'lr': 0.0001, 'lr_adv': 0.001, 'lam': 1, 'batch_size': [128, 14]}",48
Fold_5,108,0.8186219703468853,"{'nz': 256, 'd_dim': 128, 'lr': 0.0001, 'lr_adv': 0.0001, 'lam': 0.01, 'batch_size': [128, 14]}",54
Fold_5,109,0.7881358151186578,"{'nz': 128, 'd_dim': 100, 'lr': 0.0001, 'lr_adv': 0.001, 'lam': 0.1, 'batch_size': [256, 28]}",85
Fold_5,110,0.5,"{'nz': 256, 'd_dim': 128, 'lr': 0.001, 'lr_adv': 0.001, 'lam': 1, 'batch_size': [128, 14]}",16
Fold_5,111,0.6025513599573483,"{'nz': 128, 'd_dim': 256, 'lr': 0.001, 'lr_adv': 0.001, 'lam': 0.1, 'batch_size': [128, 14]}",25
Fold_5,112,0.6179668283051652,"{'nz': 128, 'd_dim': 100, 'lr': 0.001, 'lr_adv': 0.001, 'lam': 0.1, 'batch_size': [256, 28]}",23
Fold_5,113,0.8124498362622009,"{'nz': 100, 'd_dim': 100, 'lr': 0.0001, 'lr_adv': 0.0001, 'lam': 0.01, 'batch_size': [128, 14]}",59
Fold_5,114,0.7888007589848913,"{'nz': 100, 'd_dim': 256, 'lr': 0.0001, 'lr_adv': 0.001, 'lam': 0.1, 'batch_size': [128, 14]}",28
Fold_5,115,0.6162560129689436,"{'nz': 128, 'd_dim': 100, 'lr': 0.0001, 'lr_adv': 0.0001, 'lam': 0.1, 'batch_size': [128, 14]}",9
Fold_5,116,0.6139832721635359,"{'nz': 128, 'd_dim': 128, 'lr': 0.001, 'lr_adv': 0.0001, 'lam': 0.01, 'batch_size': [256, 28]}",25
Fold_5,117,0.7906517312510715,"{'nz': 100, 'd_dim': 128, 'lr': 0.0001, 'lr_adv': 0.0001, 'lam': 0.1, 'batch_size': [128, 14]}",59
Fold_5,118,0.6060141750871515,"{'nz': 128, 'd_dim': 128, 'lr': 0.001, 'lr_adv': 0.0001, 'lam': 1, 'batch_size': [256, 28]}",33
Fold_5,119,0.815856924508088,"{'nz': 100, 'd_dim': 256, 'lr': 0.0001, 'lr_adv': 0.001, 'lam': 0.01, 'batch_size': [256, 28]}",54
Fold_6,120,0.5,"{'nz': 128, 'd_dim': 256, 'lr': 0.001, 'lr_adv': 0.0001, 'lam': 0.1, 'batch_size': [128, 14]}",25
Fold_6,121,0.6103521313090275,"{'nz': 256, 'd_dim': 128, 'lr': 0.001, 'lr_adv': 0.0001, 'lam': 0.1, 'batch_size': [256, 28]}",24
Fold_6,122,0.6272521867458263,"{'nz': 100, 'd_dim': 100, 'lr': 0.001, 'lr_adv': 0.0001, 'lam': 1, 'batch_size': [256, 28]}",40
Fold_6,123,0.6295459968936461,"{'nz': 128, 'd_dim': 128, 'lr': 0.0001, 'lr_adv': 0.001, 'lam': 1, 'batch_size': [128, 14]}",24
Fold_6,124,0.6320227133618258,"{'nz': 128, 'd_dim': 128, 'lr': 0.0001, 'lr_adv': 0.0001, 'lam': 1, 'batch_size': [256, 28]}",27
Fold_6,125,0.795421914345184,"{'nz': 256, 'd_dim': 256, 'lr': 0.001, 'lr_adv': 0.001, 'lam': 0.01, 'batch_size': [256, 28]}",62
Fold_6,126,0.8153924829166566,"{'nz': 128, 'd_dim': 256, 'lr': 0.0001, 'lr_adv': 0.001, 'lam': 0.1, 'batch_size': [128, 14]}",67
Fold_6,127,0.5,"{'nz': 256, 'd_dim': 100, 'lr': 0.001, 'lr_adv': 0.0001, 'lam': 1, 'batch_size': [128, 14]}",24
Fold_6,128,0.6220540898876163,"{'nz': 100, 'd_dim': 256, 'lr': 0.0001, 'lr_adv': 0.0001, 'lam': 0.1, 'batch_size': [256, 28]}",9
Fold_6,129,0.6287143685739459,"{'nz': 100, 'd_dim': 128, 'lr': 0.001, 'lr_adv': 0.001, 'lam': 0.1, 'batch_size': [128, 14]}",45
Fold_6,130,0.615871230286233,"{'nz': 256, 'd_dim': 100, 'lr': 0.0001, 'lr_adv': 0.0001, 'lam': 0.1, 'batch_size': [256, 28]}",9
Fold_6,131,0.8204712250036299,"{'nz': 100, 'd_dim': 256, 'lr': 0.0001, 'lr_adv': 0.0001, 'lam': 0.01, 'batch_size': [256, 28]}",70
Fold_6,132,0.6155096162463563,"{'nz': 100, 'd_dim': 256, 'lr': 0.001, 'lr_adv': 0.001, 'lam': 0.1, 'batch_size': [128, 14]}",20
Fold_6,133,0.8133608563069321,"{'nz': 256, 'd_dim': 100, 'lr': 0.0001, 'lr_adv': 0.0001, 'lam': 0.01, 'batch_size': [256, 28]}",37
Fold_6,134,0.671820067510448,"{'nz': 100, 'd_dim': 256, 'lr': 0.001, 'lr_adv': 0.0001, 'lam': 0.01, 'batch_size': [256, 28]}",25
Fold_6,135,0.6264691858577077,"{'nz': 128, 'd_dim': 128, 'lr': 0.0001, 'lr_adv': 0.0001, 'lam': 0.1, 'batch_size': [128, 14]}",14
Fold_6,136,0.616464072725263,"{'nz': 256, 'd_dim': 128, 'lr': 0.001, 'lr_adv': 0.0001, 'lam': 0.1, 'batch_size': [128, 14]}",29
Fold_6,137,0.6186737581798287,"{'nz': 128, 'd_dim': 128, 'lr': 0.001, 'lr_adv': 0.001, 'lam': 0.01, 'batch_size': [128, 14]}",11
Fold_6,138,0.5,"{'nz': 256, 'd_dim': 128, 'lr': 0.001, 'lr_adv': 0.001, 'lam': 1, 'batch_size': [256, 28]}",36
Fold_6,139,0.798883126372847,"{'nz': 256, 'd_dim': 256, 'lr': 0.0001, 'lr_adv': 0.001, 'lam': 0.1, 'batch_size': [128, 14]}",41
Fold_7,140,0.6226524293826742,"{'nz': 256, 'd_dim': 256, 'lr': 0.001, 'lr_adv': 0.0001, 'lam': 0.1, 'batch_size': [256, 28]}",34
Fold_7,141,0.626337638587791,"{'nz': 256, 'd_dim': 128, 'lr': 0.0001, 'lr_adv': 0.001, 'lam': 1, 'batch_size': [128, 14]}",35
Fold_7,142,0.7901286611086412,"{'nz': 256, 'd_dim': 256, 'lr': 0.0001, 'lr_adv': 0.0001, 'lam': 1, 'batch_size': [128, 14]}",57
Fold_7,143,0.631187772038457,"{'nz': 100, 'd_dim': 100, 'lr': 0.0001, 'lr_adv': 0.0001, 'lam': 1, 'batch_size': [256, 28]}",37
Fold_7,144,0.6076250593920394,"{'nz': 100, 'd_dim': 256, 'lr': 0.001, 'lr_adv': 0.001, 'lam': 0.01, 'batch_size': [256, 28]}",11
Fold_7,145,0.8090746452901156,"{'nz': 256, 'd_dim': 256, 'lr': 0.0001, 'lr_adv': 0.0001, 'lam': 0.01, 'batch_size': [256, 28]}",35
Fold_7,146,0.5,"{'nz': 128, 'd_dim': 128, 'lr': 0.001, 'lr_adv': 0.001, 'lam': 1, 'batch_size': [256, 28]}",45
Fold_7,147,0.7938330820152504,"{'nz': 100, 'd_dim': 100, 'lr': 0.0001, 'lr_adv': 0.001, 'lam': 0.01, 'batch_size': [256, 28]}",48
Fold_7,148,0.6195765710435734,"{'nz': 256, 'd_dim': 128, 'lr': 0.001, 'lr_adv': 0.0001, 'lam': 1, 'batch_size': [256, 28]}",41
Fold_7,149,0.6306389208447344,"{'nz': 128, 'd_dim': 128, 'lr': 0.0001, 'lr_adv': 0.0001, 'lam': 1, 'batch_size': [256, 28]}",28
Fold_7,150,0.6260524040217005,"{'nz': 100, 'd_dim': 100, 'lr': 0.0001, 'lr_adv': 0.001, 'lam': 1, 'batch_size': [256, 28]}",30
Fold_7,151,0.8033145723238443,"{'nz': 100, 'd_dim': 128, 'lr': 0.001, 'lr_adv': 0.0001, 'lam': 0.01, 'batch_size': [256, 28]}",80
Fold_7,152,0.6231519336214707,"{'nz': 256, 'd_dim': 100, 'lr': 0.001, 'lr_adv': 0.0001, 'lam': 0.1, 'batch_size': [256, 28]}",27
Fold_7,153,0.6297208841507664,"{'nz': 100, 'd_dim': 100, 'lr': 0.001, 'lr_adv': 0.001, 'lam': 1, 'batch_size': [256, 28]}",56
Fold_7,154,0.7981132428588233,"{'nz': 100, 'd_dim': 256, 'lr': 0.0001, 'lr_adv': 0.001, 'lam': 0.01, 'batch_size': [128, 14]}",44
Fold_7,155,0.6260813552537702,"{'nz': 100, 'd_dim': 256, 'lr': 0.0001, 'lr_adv': 0.0001, 'lam': 1, 'batch_size': [256, 28]}",24
Fold_7,156,0.5,"{'nz': 256, 'd_dim': 100, 'lr': 0.001, 'lr_adv': 0.001, 'lam': 0.1, 'batch_size': [128, 14]}",21
Fold_7,157,0.7526121039066593,"{'nz': 128, 'd_dim': 128, 'lr': 0.0001, 'lr_adv': 0.001, 'lam': 1, 'batch_size': [256, 28]}",88
Fold_7,158,0.5,"{'nz': 100, 'd_dim': 100, 'lr': 0.001, 'lr_adv': 0.0001, 'lam': 1, 'batch_size': [128, 14]}",25
Fold_7,159,0.6258270580201024,"{'nz': 100, 'd_dim': 128, 'lr': 0.0001, 'lr_adv': 0.0001, 'lam': 0.1, 'batch_size': [128, 14]}",33
Fold_8,160,0.800305553900472,"{'nz': 128, 'd_dim': 100, 'lr': 0.0001, 'lr_adv': 0.001, 'lam': 0.01, 'batch_size': [128, 14]}",27
Fold_8,161,0.6334149162247593,"{'nz': 100, 'd_dim': 100, 'lr': 0.0001, 'lr_adv': 0.001, 'lam': 1, 'batch_size': [128, 14]}",44
Fold_8,162,0.6287641184999138,"{'nz': 128, 'd_dim': 100, 'lr': 0.0001, 'lr_adv': 0.0001, 'lam': 1, 'batch_size': [256, 28]}",29
Fold_8,163,0.6233644463592489,"{'nz': 128, 'd_dim': 256, 'lr': 0.0001, 'lr_adv': 0.001, 'lam': 1, 'batch_size': [256, 28]}",23
Fold_8,164,0.6096303332523616,"{'nz': 256, 'd_dim': 128, 'lr': 0.001, 'lr_adv': 0.0001, 'lam': 0.1, 'batch_size': [256, 28]}",9
Fold_8,165,0.6143804741890981,"{'nz': 100, 'd_dim': 100, 'lr': 0.001, 'lr_adv': 0.001, 'lam': 0.01, 'batch_size': [128, 14]}",10
Fold_8,166,0.6322018672398858,"{'nz': 128, 'd_dim': 100, 'lr': 0.0001, 'lr_adv': 0.001, 'lam': 1, 'batch_size': [128, 14]}",36
Fold_8,167,0.5927137234951088,"{'nz': 128, 'd_dim': 128, 'lr': 0.001, 'lr_adv': 0.0001, 'lam': 0.1, 'batch_size': [128, 14]}",11
Fold_8,168,0.8059369886746446,"{'nz': 128, 'd_dim': 256, 'lr': 0.0001, 'lr_adv': 0.001, 'lam': 0.01, 'batch_size': [128, 14]}",59
Fold_8,169,0.625795738745304,"{'nz': 256, 'd_dim': 256, 'lr': 0.0001, 'lr_adv': 0.0001, 'lam': 1, 'batch_size': [256, 28]}",34
Fold_8,170,0.6125756436874856,"{'nz': 100, 'd_dim': 256, 'lr': 0.001, 'lr_adv': 0.0001, 'lam': 0.1, 'batch_size': [256, 28]}",10
Fold_8,171,0.6063421149524328,"{'nz': 100, 'd_dim': 128, 'lr': 0.001, 'lr_adv': 0.001, 'lam': 0.01, 'batch_size': [128, 14]}",9
Fold_8,172,0.6124610609748085,"{'nz': 128, 'd_dim': 100, 'lr': 0.001, 'lr_adv': 0.001, 'lam': 0.01, 'batch_size': [256, 28]}",16
Fold_8,173,0.7660355832794794,"{'nz': 100, 'd_dim': 100, 'lr': 0.001, 'lr_adv': 0.0001, 'lam': 0.01, 'batch_size': [128, 14]}",31
Fold_8,174,0.7665332923891107,"{'nz': 256, 'd_dim': 128, 'lr': 0.0001, 'lr_adv': 0.001, 'lam': 0.1, 'batch_size': [128, 14]}",31
Fold_8,175,0.623715527790891,"{'nz': 100, 'd_dim': 100, 'lr': 0.001, 'lr_adv': 0.0001, 'lam': 1, 'batch_size': [128, 14]}",60
Fold_8,176,0.6165461256529305,"{'nz': 128, 'd_dim': 128, 'lr': 0.001, 'lr_adv': 0.001, 'lam': 0.01, 'batch_size': [128, 14]}",9
Fold_8,177,0.8035863625183143,"{'nz': 256, 'd_dim': 256, 'lr': 0.0001, 'lr_adv': 0.0001, 'lam': 0.01, 'batch_size': [128, 14]}",43
Fold_8,178,0.6096793746533873,"{'nz': 256, 'd_dim': 256, 'lr': 0.001, 'lr_adv': 0.001, 'lam': 0.1, 'batch_size': [128, 14]}",23
Fold_8,179,0.8058254233067349,"{'nz': 100, 'd_dim': 128, 'lr': 0.0001, 'lr_adv': 0.001, 'lam': 0.01, 'batch_size': [256, 28]}",48
Fold_9,180,0.6345142991586573,"{'nz': 128, 'd_dim': 128, 'lr': 0.0001, 'lr_adv': 0.0001, 'lam': 1, 'batch_size': [128, 14]}",42
Fold_9,181,0.7832967050595143,"{'nz': 100, 'd_dim': 256, 'lr': 0.0001, 'lr_adv': 0.001, 'lam': 0.1, 'batch_size': [256, 28]}",53
Fold_9,182,0.8055816294883958,"{'nz': 100, 'd_dim': 100, 'lr': 0.0001, 'lr_adv': 0.001, 'lam': 0.01, 'batch_size': [128, 14]}",38
Fold_9,183,0.8061119182826648,"{'nz': 128, 'd_dim': 100, 'lr': 0.0001, 'lr_adv': 0.0001, 'lam': 0.01, 'batch_size': [256, 28]}",60
Fold_9,184,0.7816467521912034,"{'nz': 256, 'd_dim': 100, 'lr': 0.0001, 'lr_adv': 0.0001, 'lam': 0.1, 'batch_size': [128, 14]}",35
Fold_9,185,0.6178062299384767,"{'nz': 100, 'd_dim': 256, 'lr': 0.001, 'lr_adv': 0.001, 'lam': 0.01, 'batch_size': [256, 28]}",35
Fold_9,186,0.7996575504660461,"{'nz': 100, 'd_dim': 256, 'lr': 0.0001, 'lr_adv': 0.0001, 'lam': 0.01, 'batch_size': [128, 14]}",32
Fold_9,187,0.6345607433515291,"{'nz': 100, 'd_dim': 256, 'lr': 0.0001, 'lr_adv': 0.0001, 'lam': 1, 'batch_size': [128, 14]}",40
Fold_9,188,0.6264671552473535,"{'nz': 256, 'd_dim': 128, 'lr': 0.0001, 'lr_adv': 0.0001, 'lam': 0.1, 'batch_size': [128, 14]}",29
Fold_9,189,0.6277759189915499,"{'nz': 128, 'd_dim': 128, 'lr': 0.0001, 'lr_adv': 0.0001, 'lam': 1, 'batch_size': [256, 28]}",22
Fold_9,190,0.6091186450517838,"{'nz': 100, 'd_dim': 256, 'lr': 0.0001, 'lr_adv': 0.0001, 'lam': 0.1, 'batch_size': [256, 28]}",9
Fold_9,191,0.7768425664083208,"{'nz': 256, 'd_dim': 128, 'lr': 0.001, 'lr_adv': 0.001, 'lam': 0.01, 'batch_size': [128, 14]}",45
Fold_9,192,0.6292965079772486,"{'nz': 256, 'd_dim': 100, 'lr': 0.0001, 'lr_adv': 0.0001, 'lam': 0.1, 'batch_size': [256, 28]}",41
Fold_9,193,0.7609775585937798,"{'nz': 100, 'd_dim': 128, 'lr': 0.001, 'lr_adv': 0.0001, 'lam': 0.01, 'batch_size': [256, 28]}",24
Fold_9,194,0.6297330681125477,"{'nz': 256, 'd_dim': 100, 'lr': 0.001, 'lr_adv': 0.0001, 'lam': 0.1, 'batch_size': [256, 28]}",61
Fold_9,195,0.6161870616256384,"{'nz': 128, 'd_dim': 256, 'lr': 0.001, 'lr_adv': 0.0001, 'lam': 1, 'batch_size': [256, 28]}",33
Fold_9,196,0.7882052374994079,"{'nz': 256, 'd_dim': 256, 'lr': 0.0001, 'lr_adv': 0.0001, 'lam': 0.1, 'batch_size': [128, 14]}",55
Fold_9,197,0.7708068074353486,"{'nz': 256, 'd_dim': 100, 'lr': 0.0001, 'lr_adv': 0.001, 'lam': 0.01, 'batch_size': [256, 28]}",52
Fold_9,198,0.6334971866124615,"{'nz': 100, 'd_dim': 256, 'lr': 0.001, 'lr_adv': 0.0001, 'lam': 1, 'batch_size': [256, 28]}",44
Fold_9,199,0.8041717274031432,"{'nz': 100, 'd_dim': 256, 'lr': 0.0001, 'lr_adv': 0.001, 'lam': 0.01, 'batch_size': [256, 28]}",38
,,0.6728676765017114,,
